{
  "name": "rest",
  "version": "1.0.0",
  "lockfileVersion": 1,
  "requires": true,
  "dependencies": {
    "@sindresorhus/is": {
      "version": "0.14.0",
      "resolved": "https://registry.npmjs.org/@sindresorhus/is/-/is-0.14.0.tgz",
      "integrity": "sha512-9NET910DNaIPngYnLLPeg+Ogzqsi9uM4mSboU5y6p8S5DzMTVEsJZrawi+BoDNUVBa2DhJqQYUFvMDfgU062LQ=="
    },
    "@szmarczak/http-timer": {
      "version": "1.1.2",
      "resolved": "https://registry.npmjs.org/@szmarczak/http-timer/-/http-timer-1.1.2.tgz",
      "integrity": "sha512-XIB2XbzHTN6ieIjfIMV9hlVcfPU26s2vafYWQcZHWXHOxiaRZYEDKEwdl129Zyg50+foYV2jCgtrqSA6qNuNSA==",
      "requires": {
        "defer-to-connect": "^1.0.1"
      }
    },
    "abbrev": {
      "version": "1.1.1",
      "resolved": "https://registry.npmjs.org/abbrev/-/abbrev-1.1.1.tgz",
      "integrity": "sha512-nne9/IiQ/hzIhY6pdDnbBtz7DjPTKrY00P/zvPSm5pOFkl6xuGrGnXn/VtTNNfNtAfZ9/1RtehkszU9qcTii0Q=="
    },
    "accepts": {
      "version": "1.3.7",
      "resolved": "https://registry.npmjs.org/accepts/-/accepts-1.3.7.tgz",
      "integrity": "sha512-Il80Qs2WjYlJIBNzNkK6KYqlVMTbZLXgHx2oT0pU/fjRHyEp+PEfEPY0R3WCwAGVOtauxh1hOxNgIf5bv7dQpA==",
      "requires": {
        "mime-types": "~2.1.24",
        "negotiator": "0.6.2"
      }
    },
    "ansi-align": {
      "version": "3.0.1",
      "resolved": "https://registry.npmjs.org/ansi-align/-/ansi-align-3.0.1.tgz",
      "integrity": "sha512-IOfwwBF5iczOjp/WeY4YxyjqAFMQoZufdQWDd19SEExbVLNXqvpzSJ/M7Za4/sCPmQ0+GRquoA7bGcINcxew6w==",
      "requires": {
        "string-width": "^4.1.0"
      }
    },
    "ansi-regex": {
      "version": "5.0.1",
      "resolved": "https://registry.npmjs.org/ansi-regex/-/ansi-regex-5.0.1.tgz",
      "integrity": "sha512-quJQXlTSUGL2LH9SUXo8VwsY4soanhgo6LNSm84E1LBcE8s3O0wpdiRzyR9z/ZZJMlMWv37qOOb9pdJlMUEKFQ=="
    },
    "ansi-styles": {
      "version": "4.3.0",
      "resolved": "https://registry.npmjs.org/ansi-styles/-/ansi-styles-4.3.0.tgz",
      "integrity": "sha512-zbB9rCJAT1rbjiVDb2hqKFHNYLxgtk8NURxZ3IZwD3F6NtxbXZQCnnSi1Lkx+IDohdPlFp222wVALIheZJQSEg==",
      "requires": {
        "color-convert": "^2.0.1"
      }
    },
    "anymatch": {
      "version": "3.1.2",
      "resolved": "https://registry.npmjs.org/anymatch/-/anymatch-3.1.2.tgz",
      "integrity": "sha512-P43ePfOAIupkguHUycrc4qJ9kz8ZiuOUijaETwX7THt0Y/GNK7v0aa8rY816xWjZ7rJdA5XdMcpVFTKMq+RvWg==",
      "requires": {
        "normalize-path": "^3.0.0",
        "picomatch": "^2.0.4"
      }
    },
    "array-flatten": {
      "version": "1.1.1",
      "resolved": "https://registry.npmjs.org/array-flatten/-/array-flatten-1.1.1.tgz",
      "integrity": "sha1-ml9pkFGx5wczKPKgCJaLZOopVdI="
    },
    "axios": {
      "version": "0.21.4",
      "resolved": "https://registry.npmjs.org/axios/-/axios-0.21.4.tgz",
      "integrity": "sha512-ut5vewkiu8jjGBdqpM44XxjuCjq9LAKeHVmoVfHVzy8eHgxxq8SbAVQNovDA8mVi05kP0Ea/n/UzcSHcTJQfNg==",
      "requires": {
        "follow-redirects": "^1.14.0"
      }
    },
    "balanced-match": {
      "version": "1.0.2",
      "resolved": "https://registry.npmjs.org/balanced-match/-/balanced-match-1.0.2.tgz",
      "integrity": "sha512-3oSeUO0TMV67hN1AmbXsK4yaqU7tjiHlbxRDZOpH0KW9+CeX4bRAaX0Anxt0tx2MrpRpWwQaPwIlISEJhYU5Pw=="
    },
    "bignumber.js": {
      "version": "9.0.0",
      "resolved": "https://registry.npmjs.org/bignumber.js/-/bignumber.js-9.0.0.tgz",
      "integrity": "sha512-t/OYhhJ2SD+YGBQcjY8GzzDHEk9f3nerxjtfa6tlMXfe7frs/WozhvCNoGvpM0P3bNf3Gq5ZRMlGr5f3r4/N8A=="
    },
    "binary-extensions": {
      "version": "2.2.0",
      "resolved": "https://registry.npmjs.org/binary-extensions/-/binary-extensions-2.2.0.tgz",
      "integrity": "sha512-jDctJ/IVQbZoJykoeHbhXpOlNBqGNcwXJKJog42E5HDPUwQTSdjCHdihjj0DlnheQ7blbT6dHOafNAiS8ooQKA=="
    },
    "body-parser": {
      "version": "1.19.0",
      "resolved": "https://registry.npmjs.org/body-parser/-/body-parser-1.19.0.tgz",
      "integrity": "sha512-dhEPs72UPbDnAQJ9ZKMNTP6ptJaionhP5cBb541nXPlW60Jepo9RV/a4fX4XWW9CuFNK22krhrj1+rgzifNCsw==",
      "requires": {
        "bytes": "3.1.0",
        "content-type": "~1.0.4",
        "debug": "2.6.9",
        "depd": "~1.1.2",
        "http-errors": "1.7.2",
        "iconv-lite": "0.4.24",
        "on-finished": "~2.3.0",
        "qs": "6.7.0",
        "raw-body": "2.4.0",
        "type-is": "~1.6.17"
      },
      "dependencies": {
        "debug": {
          "version": "2.6.9",
          "resolved": "https://registry.npmjs.org/debug/-/debug-2.6.9.tgz",
          "integrity": "sha512-bC7ElrdJaJnPbAP+1EotYvqZsb3ecl5wi6Bfi6BJTUcNowp6cvspg0jXznRTKDjm/E7AdgFBVeAPVMNcKGsHMA==",
          "requires": {
            "ms": "2.0.0"
          }
        },
        "ms": {
          "version": "2.0.0",
          "resolved": "https://registry.npmjs.org/ms/-/ms-2.0.0.tgz",
          "integrity": "sha1-VgiurfwAvmwpAd9fmGF4jeDVl8g="
        }
      }
    },
    "boxen": {
      "version": "5.1.2",
      "resolved": "https://registry.npmjs.org/boxen/-/boxen-5.1.2.tgz",
      "integrity": "sha512-9gYgQKXx+1nP8mP7CzFyaUARhg7D3n1dF/FnErWmu9l6JvGpNUN278h0aSb+QjoiKSWG+iZ3uHrcqk0qrY9RQQ==",
      "requires": {
        "ansi-align": "^3.0.0",
        "camelcase": "^6.2.0",
        "chalk": "^4.1.0",
        "cli-boxes": "^2.2.1",
        "string-width": "^4.2.2",
        "type-fest": "^0.20.2",
        "widest-line": "^3.1.0",
        "wrap-ansi": "^7.0.0"
      }
    },
    "brace-expansion": {
      "version": "1.1.11",
      "resolved": "https://registry.npmjs.org/brace-expansion/-/brace-expansion-1.1.11.tgz",
      "integrity": "sha512-iCuPHDFgrHX7H2vEI/5xpz07zSHB00TpugqhmYtVmMO6518mCuRMoOYFldEBl0g187ufozdaHgWKcYFb61qGiA==",
      "requires": {
        "balanced-match": "^1.0.0",
        "concat-map": "0.0.1"
      }
    },
    "braces": {
      "version": "3.0.2",
      "resolved": "https://registry.npmjs.org/braces/-/braces-3.0.2.tgz",
      "integrity": "sha512-b8um+L1RzM3WDSzvhm6gIz1yfTbBt6YTlcEKAvsmqCZZFw46z626lVj9j1yEPW33H5H+lBQpZMP1k8l+78Ha0A==",
      "requires": {
        "fill-range": "^7.0.1"
      }
    },
    "bytes": {
      "version": "3.1.0",
      "resolved": "https://registry.npmjs.org/bytes/-/bytes-3.1.0.tgz",
      "integrity": "sha512-zauLjrfCG+xvoyaqLoV8bLVXXNGC4JqlxFCutSDWA6fJrTo2ZuvLYTqZ7aHBLZSMOopbzwv8f+wZcVzfVTI2Dg=="
    },
    "cacheable-request": {
      "version": "6.1.0",
      "resolved": "https://registry.npmjs.org/cacheable-request/-/cacheable-request-6.1.0.tgz",
      "integrity": "sha512-Oj3cAGPCqOZX7Rz64Uny2GYAZNliQSqfbePrgAQ1wKAihYmCUnraBtJtKcGR4xz7wF+LoJC+ssFZvv5BgF9Igg==",
      "requires": {
        "clone-response": "^1.0.2",
        "get-stream": "^5.1.0",
        "http-cache-semantics": "^4.0.0",
        "keyv": "^3.0.0",
        "lowercase-keys": "^2.0.0",
        "normalize-url": "^4.1.0",
        "responselike": "^1.0.2"
      },
      "dependencies": {
        "get-stream": {
          "version": "5.2.0",
          "resolved": "https://registry.npmjs.org/get-stream/-/get-stream-5.2.0.tgz",
          "integrity": "sha512-nBF+F1rAZVCu/p7rjzgA+Yb4lfYXrpl7a6VmJrU8wF9I1CKvP/QwPNZHnOlwbTkY6dvtFIzFMSyQXbLoTQPRpA==",
          "requires": {
            "pump": "^3.0.0"
          }
        },
        "lowercase-keys": {
          "version": "2.0.0",
          "resolved": "https://registry.npmjs.org/lowercase-keys/-/lowercase-keys-2.0.0.tgz",
          "integrity": "sha512-tqNXrS78oMOE73NMxK4EMLQsQowWf8jKooH9g7xPavRT706R6bkQJ6DY2Te7QukaZsulxa30wQ7bk0pm4XiHmA=="
        }
      }
    },
    "camelcase": {
      "version": "6.2.0",
      "resolved": "https://registry.npmjs.org/camelcase/-/camelcase-6.2.0.tgz",
      "integrity": "sha512-c7wVvbw3f37nuobQNtgsgG9POC9qMbNuMQmTCqZv23b6MIz0fcYpBiOlv9gEN/hdLdnZTDQhg6e9Dq5M1vKvfg=="
    },
    "chalk": {
      "version": "4.1.2",
      "resolved": "https://registry.npmjs.org/chalk/-/chalk-4.1.2.tgz",
      "integrity": "sha512-oKnbhFyRIXpUuez8iBMmyEa4nbj4IOQyuhc/wy9kY7/WVPcwIO9VA668Pu8RkO7+0G76SLROeyw9CpQ061i4mA==",
      "requires": {
        "ansi-styles": "^4.1.0",
        "supports-color": "^7.1.0"
      },
      "dependencies": {
        "has-flag": {
          "version": "4.0.0",
          "resolved": "https://registry.npmjs.org/has-flag/-/has-flag-4.0.0.tgz",
          "integrity": "sha512-EykJT/Q1KjTWctppgIAgfSO0tKVuZUjhgMr17kqTumMl6Afv3EISleU7qZUzoXDFTAHTDC4NOoG/ZxU3EvlMPQ=="
        },
        "supports-color": {
          "version": "7.2.0",
          "resolved": "https://registry.npmjs.org/supports-color/-/supports-color-7.2.0.tgz",
          "integrity": "sha512-qpCAvRl9stuOHveKsn7HncJRvv501qIacKzQlO/+Lwxc9+0q2wLyv4Dfvt80/DPn2pqOBsJdDiogXGR9+OvwRw==",
          "requires": {
            "has-flag": "^4.0.0"
          }
        }
      }
    },
    "chokidar": {
      "version": "3.5.2",
      "resolved": "https://registry.npmjs.org/chokidar/-/chokidar-3.5.2.tgz",
      "integrity": "sha512-ekGhOnNVPgT77r4K/U3GDhu+FQ2S8TnK/s2KbIGXi0SZWuwkZ2QNyfWdZW+TVfn84DpEP7rLeCt2UI6bJ8GwbQ==",
      "requires": {
        "anymatch": "~3.1.2",
        "braces": "~3.0.2",
        "fsevents": "~2.3.2",
        "glob-parent": "~5.1.2",
        "is-binary-path": "~2.1.0",
        "is-glob": "~4.0.1",
        "normalize-path": "~3.0.0",
        "readdirp": "~3.6.0"
      }
    },
    "ci-info": {
      "version": "2.0.0",
      "resolved": "https://registry.npmjs.org/ci-info/-/ci-info-2.0.0.tgz",
      "integrity": "sha512-5tK7EtrZ0N+OLFMthtqOj4fI2Jeb88C4CAZPu25LDVUgXJ0A3Js4PMGqrn0JU1W0Mh1/Z8wZzYPxqUrXeBboCQ=="
    },
    "cli-boxes": {
      "version": "2.2.1",
      "resolved": "https://registry.npmjs.org/cli-boxes/-/cli-boxes-2.2.1.tgz",
      "integrity": "sha512-y4coMcylgSCdVinjiDBuR8PCC2bLjyGTwEmPb9NHR/QaNU6EUOXcTY/s6VjGMD6ENSEaeQYHCY0GNGS5jfMwPw=="
    },
    "clone-response": {
      "version": "1.0.2",
      "resolved": "https://registry.npmjs.org/clone-response/-/clone-response-1.0.2.tgz",
      "integrity": "sha1-0dyXOSAxTfZ/vrlCI7TuNQI56Ws=",
      "requires": {
        "mimic-response": "^1.0.0"
      }
    },
    "color-convert": {
      "version": "2.0.1",
      "resolved": "https://registry.npmjs.org/color-convert/-/color-convert-2.0.1.tgz",
      "integrity": "sha512-RRECPsj7iu/xb5oKYcsFHSppFNnsj/52OVTRKb4zP5onXwVF3zVmmToNcOfGC+CRDpfK/U584fMg38ZHCaElKQ==",
      "requires": {
        "color-name": "~1.1.4"
      }
    },
    "color-name": {
      "version": "1.1.4",
      "resolved": "https://registry.npmjs.org/color-name/-/color-name-1.1.4.tgz",
      "integrity": "sha512-dOy+3AuW3a2wNbZHIuMZpTcgjGuLU/uBL/ubcZF9OXbDo8ff4O8yVp5Bf0efS8uEoYo5q4Fx7dY9OgQGXgAsQA=="
    },
    "concat-map": {
      "version": "0.0.1",
      "resolved": "https://registry.npmjs.org/concat-map/-/concat-map-0.0.1.tgz",
      "integrity": "sha1-2Klr13/Wjfd5OnMDajug1UBdR3s="
    },
    "configstore": {
      "version": "5.0.1",
      "resolved": "https://registry.npmjs.org/configstore/-/configstore-5.0.1.tgz",
      "integrity": "sha512-aMKprgk5YhBNyH25hj8wGt2+D52Sw1DRRIzqBwLp2Ya9mFmY8KPvvtvmna8SxVR9JMZ4kzMD68N22vlaRpkeFA==",
      "requires": {
        "dot-prop": "^5.2.0",
        "graceful-fs": "^4.1.2",
        "make-dir": "^3.0.0",
        "unique-string": "^2.0.0",
        "write-file-atomic": "^3.0.0",
        "xdg-basedir": "^4.0.0"
      }
    },
    "content-disposition": {
      "version": "0.5.3",
      "resolved": "https://registry.npmjs.org/content-disposition/-/content-disposition-0.5.3.tgz",
      "integrity": "sha512-ExO0774ikEObIAEV9kDo50o+79VCUdEB6n6lzKgGwupcVeRlhrj3qGAfwq8G6uBJjkqLrhT0qEYFcWng8z1z0g==",
      "requires": {
        "safe-buffer": "5.1.2"
      }
    },
    "content-type": {
      "version": "1.0.4",
      "resolved": "https://registry.npmjs.org/content-type/-/content-type-1.0.4.tgz",
      "integrity": "sha512-hIP3EEPs8tB9AT1L+NUqtwOAps4mk2Zob89MWXMHjHWg9milF/j4osnnQLXBCBFBk/tvIG/tUc9mOUJiPBhPXA=="
    },
    "cookie": {
      "version": "0.4.0",
      "resolved": "https://registry.npmjs.org/cookie/-/cookie-0.4.0.tgz",
      "integrity": "sha512-+Hp8fLp57wnUSt0tY0tHEXh4voZRDnoIrZPqlo3DPiI4y9lwg/jqx+1Om94/W6ZaPDOUbnjOt/99w66zk+l1Xg=="
    },
    "cookie-signature": {
      "version": "1.0.6",
      "resolved": "https://registry.npmjs.org/cookie-signature/-/cookie-signature-1.0.6.tgz",
      "integrity": "sha1-4wOogrNCzD7oylE6eZmXNNqzriw="
    },
    "core-util-is": {
      "version": "1.0.3",
      "resolved": "https://registry.npmjs.org/core-util-is/-/core-util-is-1.0.3.tgz",
      "integrity": "sha512-ZQBvi1DcpJ4GDqanjucZ2Hj3wEO5pZDS89BWbkcrvdxksJorwUDDZamX9ldFkp9aw2lmBDLgkObEA4DWNJ9FYQ=="
    },
    "cors": {
      "version": "2.8.5",
      "resolved": "https://registry.npmjs.org/cors/-/cors-2.8.5.tgz",
      "integrity": "sha512-KIHbLJqu73RGr/hnbrO9uBeixNGuvSQjul/jdFvS/KFSIH1hWVd1ng7zOHx+YrEfInLG7q4n6GHQ9cDtxv/P6g==",
      "requires": {
        "object-assign": "^4",
        "vary": "^1"
      }
    },
    "crypto-random-string": {
      "version": "2.0.0",
      "resolved": "https://registry.npmjs.org/crypto-random-string/-/crypto-random-string-2.0.0.tgz",
      "integrity": "sha512-v1plID3y9r/lPhviJ1wrXpLeyUIGAZ2SHNYTEapm7/8A9nLPoyvVp3RK/EPFqn5kEznyWgYZNsRtYYIWbuG8KA=="
    },
    "data-uri-to-buffer": {
      "version": "3.0.1",
      "resolved": "https://registry.npmjs.org/data-uri-to-buffer/-/data-uri-to-buffer-3.0.1.tgz",
      "integrity": "sha512-WboRycPNsVw3B3TL559F7kuBUM4d8CgMEvk6xEJlOp7OBPjt6G7z8WMWlD2rOFZLk6OYfFIUGsCOWzcQH9K2og=="
    },
    "debug": {
      "version": "3.2.7",
      "resolved": "https://registry.npmjs.org/debug/-/debug-3.2.7.tgz",
      "integrity": "sha512-CFjzYYAi4ThfiQvizrFQevTTXHtnCqWfe7x1AhgEscTz6ZbLbfoLRLPugTQyBth6f8ZERVUSyWHFD/7Wu4t1XQ==",
      "requires": {
        "ms": "^2.1.1"
      }
    },
    "decompress-response": {
      "version": "3.3.0",
      "resolved": "https://registry.npmjs.org/decompress-response/-/decompress-response-3.3.0.tgz",
      "integrity": "sha1-gKTdMjdIOEv6JICDYirt7Jgq3/M=",
      "requires": {
        "mimic-response": "^1.0.0"
      }
    },
    "deep-extend": {
      "version": "0.6.0",
      "resolved": "https://registry.npmjs.org/deep-extend/-/deep-extend-0.6.0.tgz",
      "integrity": "sha512-LOHxIOaPYdHlJRtCQfDIVZtfw/ufM8+rVj649RIHzcm/vGwQRXFt6OPqIFWsm2XEMrNIEtWR64sY1LEKD2vAOA=="
    },
    "defer-to-connect": {
      "version": "1.1.3",
      "resolved": "https://registry.npmjs.org/defer-to-connect/-/defer-to-connect-1.1.3.tgz",
      "integrity": "sha512-0ISdNousHvZT2EiFlZeZAHBUvSxmKswVCEf8hW7KWgG4a8MVEu/3Vb6uWYozkjylyCxe0JBIiRB1jV45S70WVQ=="
    },
    "denque": {
      "version": "1.5.1",
      "resolved": "https://registry.npmjs.org/denque/-/denque-1.5.1.tgz",
      "integrity": "sha512-XwE+iZ4D6ZUB7mfYRMb5wByE8L74HCn30FBN7sWnXksWc1LO1bPDl67pBR9o/kC4z/xSNAwkMYcGgqDV3BE3Hw=="
    },
    "depd": {
      "version": "1.1.2",
      "resolved": "https://registry.npmjs.org/depd/-/depd-1.1.2.tgz",
      "integrity": "sha1-m81S4UwJd2PnSbJ0xDRu0uVgtak="
    },
    "destroy": {
      "version": "1.0.4",
      "resolved": "https://registry.npmjs.org/destroy/-/destroy-1.0.4.tgz",
      "integrity": "sha1-l4hXRCxEdJ5CBmE+N5RiBYJqvYA="
    },
    "dot-prop": {
      "version": "5.3.0",
      "resolved": "https://registry.npmjs.org/dot-prop/-/dot-prop-5.3.0.tgz",
      "integrity": "sha512-QM8q3zDe58hqUqjraQOmzZ1LIH9SWQJTlEKCH4kJ2oQvLZk7RbQXvtDM2XEq3fwkV9CCvvH4LA0AV+ogFsBM2Q==",
      "requires": {
        "is-obj": "^2.0.0"
      }
    },
    "dotenv": {
      "version": "10.0.0",
      "resolved": "https://registry.npmjs.org/dotenv/-/dotenv-10.0.0.tgz",
      "integrity": "sha512-rlBi9d8jpv9Sf1klPjNfFAuWDjKLwTIJJ/VxtoTwIR6hnZxcEOQCZg2oIL3MWBYw5GpUDKOEnND7LXTbIpQ03Q=="
    },
    "duplexer3": {
      "version": "0.1.4",
      "resolved": "https://registry.npmjs.org/duplexer3/-/duplexer3-0.1.4.tgz",
      "integrity": "sha1-7gHdHKwO08vH/b6jfcCo8c4ALOI="
    },
    "ee-first": {
      "version": "1.1.1",
      "resolved": "https://registry.npmjs.org/ee-first/-/ee-first-1.1.1.tgz",
      "integrity": "sha1-WQxhFWsK4vTwJVcyoViyZrxWsh0="
    },
    "emoji-regex": {
      "version": "8.0.0",
      "resolved": "https://registry.npmjs.org/emoji-regex/-/emoji-regex-8.0.0.tgz",
      "integrity": "sha512-MSjYzcWNOA0ewAHpz0MxpYFvwg6yjy1NG3xteoqz644VCo/RPgnr1/GGt+ic3iJTzQ8Eu3TdM14SawnVUmGE6A=="
    },
    "encodeurl": {
      "version": "1.0.2",
      "resolved": "https://registry.npmjs.org/encodeurl/-/encodeurl-1.0.2.tgz",
      "integrity": "sha1-rT/0yG7C0CkyL1oCw6mmBslbP1k="
    },
    "end-of-stream": {
      "version": "1.4.4",
      "resolved": "https://registry.npmjs.org/end-of-stream/-/end-of-stream-1.4.4.tgz",
      "integrity": "sha512-+uw1inIHVPQoaVuHzRyXd21icM+cnt4CzD5rW+NC1wjOUSTOs+Te7FOv7AhN7vS9x/oIyhLP5PR1H+phQAHu5Q==",
      "requires": {
        "once": "^1.4.0"
      }
    },
    "escape-goat": {
      "version": "2.1.1",
      "resolved": "https://registry.npmjs.org/escape-goat/-/escape-goat-2.1.1.tgz",
      "integrity": "sha512-8/uIhbG12Csjy2JEW7D9pHbreaVaS/OpN3ycnyvElTdwM5n6GY6W6e2IPemfvGZeUMqZ9A/3GqIZMgKnBhAw/Q=="
    },
    "escape-html": {
      "version": "1.0.3",
      "resolved": "https://registry.npmjs.org/escape-html/-/escape-html-1.0.3.tgz",
      "integrity": "sha1-Aljq5NPQwJdN4cFpGI7wBR0dGYg="
    },
    "etag": {
      "version": "1.8.1",
      "resolved": "https://registry.npmjs.org/etag/-/etag-1.8.1.tgz",
      "integrity": "sha1-Qa4u62XvpiJorr/qg6x9eSmbCIc="
    },
    "express": {
      "version": "4.17.1",
      "resolved": "https://registry.npmjs.org/express/-/express-4.17.1.tgz",
      "integrity": "sha512-mHJ9O79RqluphRrcw2X/GTh3k9tVv8YcoyY4Kkh4WDMUYKRZUq0h1o0w2rrrxBqM7VoeUVqgb27xlEMXTnYt4g==",
      "requires": {
        "accepts": "~1.3.7",
        "array-flatten": "1.1.1",
        "body-parser": "1.19.0",
        "content-disposition": "0.5.3",
        "content-type": "~1.0.4",
        "cookie": "0.4.0",
        "cookie-signature": "1.0.6",
        "debug": "2.6.9",
        "depd": "~1.1.2",
        "encodeurl": "~1.0.2",
        "escape-html": "~1.0.3",
        "etag": "~1.8.1",
        "finalhandler": "~1.1.2",
        "fresh": "0.5.2",
        "merge-descriptors": "1.0.1",
        "methods": "~1.1.2",
        "on-finished": "~2.3.0",
        "parseurl": "~1.3.3",
        "path-to-regexp": "0.1.7",
        "proxy-addr": "~2.0.5",
        "qs": "6.7.0",
        "range-parser": "~1.2.1",
        "safe-buffer": "5.1.2",
        "send": "0.17.1",
        "serve-static": "1.14.1",
        "setprototypeof": "1.1.1",
        "statuses": "~1.5.0",
        "type-is": "~1.6.18",
        "utils-merge": "1.0.1",
        "vary": "~1.1.2"
      },
      "dependencies": {
        "debug": {
          "version": "2.6.9",
          "resolved": "https://registry.npmjs.org/debug/-/debug-2.6.9.tgz",
          "integrity": "sha512-bC7ElrdJaJnPbAP+1EotYvqZsb3ecl5wi6Bfi6BJTUcNowp6cvspg0jXznRTKDjm/E7AdgFBVeAPVMNcKGsHMA==",
          "requires": {
            "ms": "2.0.0"
          }
        },
        "ms": {
          "version": "2.0.0",
          "resolved": "https://registry.npmjs.org/ms/-/ms-2.0.0.tgz",
          "integrity": "sha1-VgiurfwAvmwpAd9fmGF4jeDVl8g="
        }
      }
    },
    "express-handlebars": {
      "version": "4.0.6",
      "resolved": "https://registry.npmjs.org/express-handlebars/-/express-handlebars-4.0.6.tgz",
      "integrity": "sha512-SWwmp4ERN/hPySdRnQYiNcJP/LHAeTz1qq0MXQ2ztZiMC6sKw1WathtVWWY+AUPkjV6eDmQXqybJQwnUsoI9vw==",
      "requires": {
        "glob": "^7.1.6",
        "graceful-fs": "^4.2.4",
        "handlebars": "^4.7.6"
      }
    },
    "fetch-blob": {
      "version": "3.1.2",
      "resolved": "https://registry.npmjs.org/fetch-blob/-/fetch-blob-3.1.2.tgz",
      "integrity": "sha512-hunJbvy/6OLjCD0uuhLdp0mMPzP/yd2ssd1t2FCJsaA7wkWhpbp9xfuNVpv7Ll4jFhzp6T4LAupSiV9uOeg0VQ==",
      "requires": {
        "web-streams-polyfill": "^3.0.3"
      }
    },
    "fill-range": {
      "version": "7.0.1",
      "resolved": "https://registry.npmjs.org/fill-range/-/fill-range-7.0.1.tgz",
      "integrity": "sha512-qOo9F+dMUmC2Lcb4BbVvnKJxTPjCm+RRpe4gDuGrzkL7mEVl/djYSu2OdQ2Pa302N4oqkSg9ir6jaLWJ2USVpQ==",
      "requires": {
        "to-regex-range": "^5.0.1"
      }
    },
    "finalhandler": {
      "version": "1.1.2",
      "resolved": "https://registry.npmjs.org/finalhandler/-/finalhandler-1.1.2.tgz",
      "integrity": "sha512-aAWcW57uxVNrQZqFXjITpW3sIUQmHGG3qSb9mUah9MgMC4NeWhNOlNjXEYq3HjRAvL6arUviZGGJsBg6z0zsWA==",
      "requires": {
        "debug": "2.6.9",
        "encodeurl": "~1.0.2",
        "escape-html": "~1.0.3",
        "on-finished": "~2.3.0",
        "parseurl": "~1.3.3",
        "statuses": "~1.5.0",
        "unpipe": "~1.0.0"
      },
      "dependencies": {
        "debug": {
          "version": "2.6.9",
          "resolved": "https://registry.npmjs.org/debug/-/debug-2.6.9.tgz",
          "integrity": "sha512-bC7ElrdJaJnPbAP+1EotYvqZsb3ecl5wi6Bfi6BJTUcNowp6cvspg0jXznRTKDjm/E7AdgFBVeAPVMNcKGsHMA==",
          "requires": {
            "ms": "2.0.0"
          }
        },
        "ms": {
          "version": "2.0.0",
          "resolved": "https://registry.npmjs.org/ms/-/ms-2.0.0.tgz",
          "integrity": "sha1-VgiurfwAvmwpAd9fmGF4jeDVl8g="
        }
      }
    },
    "follow-redirects": {
      "version": "1.14.4",
      "resolved": "https://registry.npmjs.org/follow-redirects/-/follow-redirects-1.14.4.tgz",
      "integrity": "sha512-zwGkiSXC1MUJG/qmeIFH2HBJx9u0V46QGUe3YR1fXG8bXQxq7fLj0RjLZQ5nubr9qNJUZrH+xUcwXEoXNpfS+g=="
    },
    "forwarded": {
      "version": "0.2.0",
      "resolved": "https://registry.npmjs.org/forwarded/-/forwarded-0.2.0.tgz",
      "integrity": "sha512-buRG0fpBtRHSTCOASe6hD258tEubFoRLb4ZNA6NxMVHNw2gOcwHo9wyablzMzOA5z9xA9L1KNjk/Nt6MT9aYow=="
    },
    "fresh": {
      "version": "0.5.2",
      "resolved": "https://registry.npmjs.org/fresh/-/fresh-0.5.2.tgz",
      "integrity": "sha1-PYyt2Q2XZWn6g1qx+OSyOhBWBac="
    },
    "fs.realpath": {
      "version": "1.0.0",
      "resolved": "https://registry.npmjs.org/fs.realpath/-/fs.realpath-1.0.0.tgz",
      "integrity": "sha1-FQStJSMVjKpA20onh8sBQRmU6k8="
    },
    "fsevents": {
      "version": "2.3.2",
      "resolved": "https://registry.npmjs.org/fsevents/-/fsevents-2.3.2.tgz",
      "integrity": "sha512-xiqMQR4xAeHTuB9uWm+fFRcIOgKBMiOBP+eXiyT7jsgVCq1bkVygt00oASowB7EdtpOHaaPgKt812P9ab+DDKA==",
      "optional": true
    },
    "generate-function": {
      "version": "2.3.1",
      "resolved": "https://registry.npmjs.org/generate-function/-/generate-function-2.3.1.tgz",
      "integrity": "sha512-eeB5GfMNeevm/GRYq20ShmsaGcmI81kIX2K9XQx5miC8KdHaC6Jm0qQ8ZNeGOi7wYB8OsdxKs+Y2oVuTFuVwKQ==",
      "requires": {
        "is-property": "^1.0.2"
      }
    },
    "get-stream": {
      "version": "4.1.0",
      "resolved": "https://registry.npmjs.org/get-stream/-/get-stream-4.1.0.tgz",
      "integrity": "sha512-GMat4EJ5161kIy2HevLlr4luNjBgvmj413KaQA7jt4V8B4RDsfpHk7WQ9GVqfYyyx8OS/L66Kox+rJRNklLK7w==",
      "requires": {
        "pump": "^3.0.0"
      }
    },
    "glob": {
      "version": "7.2.0",
      "resolved": "https://registry.npmjs.org/glob/-/glob-7.2.0.tgz",
      "integrity": "sha512-lmLf6gtyrPq8tTjSmrO94wBeQbFR3HbLHbuyD69wuyQkImp2hWqMGB47OX65FBkPffO641IP9jWa1z4ivqG26Q==",
      "requires": {
        "fs.realpath": "^1.0.0",
        "inflight": "^1.0.4",
        "inherits": "2",
        "minimatch": "^3.0.4",
        "once": "^1.3.0",
        "path-is-absolute": "^1.0.0"
      }
    },
    "glob-parent": {
      "version": "5.1.2",
      "resolved": "https://registry.npmjs.org/glob-parent/-/glob-parent-5.1.2.tgz",
      "integrity": "sha512-AOIgSQCepiJYwP3ARnGx+5VnTu2HBYdzbGP45eLw1vr3zB3vZLeyed1sC9hnbcOc9/SrMyM5RPQrkGz4aS9Zow==",
      "requires": {
        "is-glob": "^4.0.1"
      }
    },
    "global-dirs": {
      "version": "3.0.0",
      "resolved": "https://registry.npmjs.org/global-dirs/-/global-dirs-3.0.0.tgz",
      "integrity": "sha512-v8ho2DS5RiCjftj1nD9NmnfaOzTdud7RRnVd9kFNOjqZbISlx5DQ+OrTkywgd0dIt7oFCvKetZSHoHcP3sDdiA==",
      "requires": {
        "ini": "2.0.0"
      }
    },
    "got": {
      "version": "9.6.0",
      "resolved": "https://registry.npmjs.org/got/-/got-9.6.0.tgz",
      "integrity": "sha512-R7eWptXuGYxwijs0eV+v3o6+XH1IqVK8dJOEecQfTmkncw9AV4dcw/Dhxi8MdlqPthxxpZyizMzyg8RTmEsG+Q==",
      "requires": {
        "@sindresorhus/is": "^0.14.0",
        "@szmarczak/http-timer": "^1.1.2",
        "cacheable-request": "^6.0.0",
        "decompress-response": "^3.3.0",
        "duplexer3": "^0.1.4",
        "get-stream": "^4.1.0",
        "lowercase-keys": "^1.0.1",
        "mimic-response": "^1.0.1",
        "p-cancelable": "^1.0.0",
        "to-readable-stream": "^1.0.0",
        "url-parse-lax": "^3.0.0"
      }
    },
    "graceful-fs": {
      "version": "4.2.8",
      "resolved": "https://registry.npmjs.org/graceful-fs/-/graceful-fs-4.2.8.tgz",
      "integrity": "sha512-qkIilPUYcNhJpd33n0GBXTB1MMPp14TxEsEs0pTrsSVucApsYzW5V+Q8Qxhik6KU3evy+qkAAowTByymK0avdg=="
    },
    "handlebars": {
      "version": "4.7.7",
      "resolved": "https://registry.npmjs.org/handlebars/-/handlebars-4.7.7.tgz",
      "integrity": "sha512-aAcXm5OAfE/8IXkcZvCepKU3VzW1/39Fb5ZuqMtgI/hT8X2YgoMvBY5dLhq/cpOvw7Lk1nK/UF71aLG/ZnVYRA==",
      "requires": {
        "minimist": "^1.2.5",
        "neo-async": "^2.6.0",
        "source-map": "^0.6.1",
        "uglify-js": "^3.1.4",
        "wordwrap": "^1.0.0"
      }
    },
    "has-flag": {
      "version": "3.0.0",
      "resolved": "https://registry.npmjs.org/has-flag/-/has-flag-3.0.0.tgz",
      "integrity": "sha1-tdRU3CGZriJWmfNGfloH87lVuv0="
    },
    "has-yarn": {
      "version": "2.1.0",
      "resolved": "https://registry.npmjs.org/has-yarn/-/has-yarn-2.1.0.tgz",
      "integrity": "sha512-UqBRqi4ju7T+TqGNdqAO0PaSVGsDGJUBQvk9eUWNGRY1CFGDzYhLWoM7JQEemnlvVcv/YEmc2wNW8BC24EnUsw=="
    },
    "http-cache-semantics": {
      "version": "4.1.0",
      "resolved": "https://registry.npmjs.org/http-cache-semantics/-/http-cache-semantics-4.1.0.tgz",
      "integrity": "sha512-carPklcUh7ROWRK7Cv27RPtdhYhUsela/ue5/jKzjegVvXDqM2ILE9Q2BGn9JZJh1g87cp56su/FgQSzcWS8cQ=="
    },
    "http-errors": {
      "version": "1.7.2",
      "resolved": "https://registry.npmjs.org/http-errors/-/http-errors-1.7.2.tgz",
      "integrity": "sha512-uUQBt3H/cSIVfch6i1EuPNy/YsRSOUBXTVfZ+yR7Zjez3qjBz6i9+i4zjNaoqcoFVI4lQJ5plg63TvGfRSDCRg==",
      "requires": {
        "depd": "~1.1.2",
        "inherits": "2.0.3",
        "setprototypeof": "1.1.1",
        "statuses": ">= 1.5.0 < 2",
        "toidentifier": "1.0.0"
      }
    },
    "iconv-lite": {
      "version": "0.4.24",
      "resolved": "https://registry.npmjs.org/iconv-lite/-/iconv-lite-0.4.24.tgz",
      "integrity": "sha512-v3MXnZAcvnywkTUEZomIActle7RXXeedOR31wwl7VlyoXO4Qi9arvSenNQWne1TcRwhCL1HwLI21bEqdpj8/rA==",
      "requires": {
        "safer-buffer": ">= 2.1.2 < 3"
      }
    },
    "ignore-by-default": {
      "version": "1.0.1",
      "resolved": "https://registry.npmjs.org/ignore-by-default/-/ignore-by-default-1.0.1.tgz",
      "integrity": "sha1-SMptcvbGo68Aqa1K5odr44ieKwk="
    },
    "import-lazy": {
      "version": "2.1.0",
      "resolved": "https://registry.npmjs.org/import-lazy/-/import-lazy-2.1.0.tgz",
      "integrity": "sha1-BWmOPUXIjo1+nZLLBYTnfwlvPkM="
    },
    "imurmurhash": {
      "version": "0.1.4",
      "resolved": "https://registry.npmjs.org/imurmurhash/-/imurmurhash-0.1.4.tgz",
      "integrity": "sha1-khi5srkoojixPcT7a21XbyMUU+o="
    },
    "inflight": {
      "version": "1.0.6",
      "resolved": "https://registry.npmjs.org/inflight/-/inflight-1.0.6.tgz",
      "integrity": "sha1-Sb1jMdfQLQwJvJEKEHW6gWW1bfk=",
      "requires": {
        "once": "^1.3.0",
        "wrappy": "1"
      }
    },
    "inherits": {
      "version": "2.0.3",
      "resolved": "https://registry.npmjs.org/inherits/-/inherits-2.0.3.tgz",
      "integrity": "sha1-Yzwsg+PaQqUC9SRmAiSA9CCCYd4="
    },
    "ini": {
      "version": "2.0.0",
      "resolved": "https://registry.npmjs.org/ini/-/ini-2.0.0.tgz",
      "integrity": "sha512-7PnF4oN3CvZF23ADhA5wRaYEQpJ8qygSkbtTXWBeXWXmEVRXK+1ITciHWwHhsjv1TmW0MgacIv6hEi5pX5NQdA=="
    },
    "ipaddr.js": {
      "version": "1.9.1",
      "resolved": "https://registry.npmjs.org/ipaddr.js/-/ipaddr.js-1.9.1.tgz",
      "integrity": "sha512-0KI/607xoxSToH7GjN1FfSbLoU0+btTicjsQSWQlh/hZykN8KpmMf7uYwPW3R+akZ6R/w18ZlXSHBYXiYUPO3g=="
    },
    "is-binary-path": {
      "version": "2.1.0",
      "resolved": "https://registry.npmjs.org/is-binary-path/-/is-binary-path-2.1.0.tgz",
      "integrity": "sha512-ZMERYes6pDydyuGidse7OsHxtbI7WVeUEozgR/g7rd0xUimYNlvZRE/K2MgZTjWy725IfelLeVcEM97mmtRGXw==",
      "requires": {
        "binary-extensions": "^2.0.0"
      }
    },
    "is-ci": {
      "version": "2.0.0",
      "resolved": "https://registry.npmjs.org/is-ci/-/is-ci-2.0.0.tgz",
      "integrity": "sha512-YfJT7rkpQB0updsdHLGWrvhBJfcfzNNawYDNIyQXJz0IViGf75O8EBPKSdvw2rF+LGCsX4FZ8tcr3b19LcZq4w==",
      "requires": {
        "ci-info": "^2.0.0"
      }
    },
    "is-extglob": {
      "version": "2.1.1",
      "resolved": "https://registry.npmjs.org/is-extglob/-/is-extglob-2.1.1.tgz",
      "integrity": "sha1-qIwCU1eR8C7TfHahueqXc8gz+MI="
    },
    "is-fullwidth-code-point": {
      "version": "3.0.0",
      "resolved": "https://registry.npmjs.org/is-fullwidth-code-point/-/is-fullwidth-code-point-3.0.0.tgz",
      "integrity": "sha512-zymm5+u+sCsSWyD9qNaejV3DFvhCKclKdizYaJUuHA83RLjb7nSuGnddCHGv0hk+KY7BMAlsWeK4Ueg6EV6XQg=="
    },
    "is-glob": {
      "version": "4.0.3",
      "resolved": "https://registry.npmjs.org/is-glob/-/is-glob-4.0.3.tgz",
      "integrity": "sha512-xelSayHH36ZgE7ZWhli7pW34hNbNl8Ojv5KVmkJD4hBdD3th8Tfk9vYasLM+mXWOZhFkgZfxhLSnrwRr4elSSg==",
      "requires": {
        "is-extglob": "^2.1.1"
      }
    },
    "is-installed-globally": {
      "version": "0.4.0",
      "resolved": "https://registry.npmjs.org/is-installed-globally/-/is-installed-globally-0.4.0.tgz",
      "integrity": "sha512-iwGqO3J21aaSkC7jWnHP/difazwS7SFeIqxv6wEtLU8Y5KlzFTjyqcSIT0d8s4+dDhKytsk9PJZ2BkS5eZwQRQ==",
      "requires": {
        "global-dirs": "^3.0.0",
        "is-path-inside": "^3.0.2"
      }
    },
    "is-npm": {
      "version": "5.0.0",
      "resolved": "https://registry.npmjs.org/is-npm/-/is-npm-5.0.0.tgz",
      "integrity": "sha512-WW/rQLOazUq+ST/bCAVBp/2oMERWLsR7OrKyt052dNDk4DHcDE0/7QSXITlmi+VBcV13DfIbysG3tZJm5RfdBA=="
    },
    "is-number": {
      "version": "7.0.0",
      "resolved": "https://registry.npmjs.org/is-number/-/is-number-7.0.0.tgz",
      "integrity": "sha512-41Cifkg6e8TylSpdtTpeLVMqvSBEVzTttHvERD741+pnZ8ANv0004MRL43QKPDlK9cGvNp6NZWZUBlbGXYxxng=="
    },
    "is-obj": {
      "version": "2.0.0",
      "resolved": "https://registry.npmjs.org/is-obj/-/is-obj-2.0.0.tgz",
      "integrity": "sha512-drqDG3cbczxxEJRoOXcOjtdp1J/lyp1mNn0xaznRs8+muBhgQcrnbspox5X5fOw0HnMnbfDzvnEMEtqDEJEo8w=="
    },
    "is-path-inside": {
      "version": "3.0.3",
      "resolved": "https://registry.npmjs.org/is-path-inside/-/is-path-inside-3.0.3.tgz",
      "integrity": "sha512-Fd4gABb+ycGAmKou8eMftCupSir5lRxqf4aD/vd0cD2qc4HL07OjCeuHMr8Ro4CoMaeCKDB0/ECBOVWjTwUvPQ=="
    },
    "is-property": {
      "version": "1.0.2",
      "resolved": "https://registry.npmjs.org/is-property/-/is-property-1.0.2.tgz",
      "integrity": "sha1-V/4cTkhHTt1lsJkR8msc1Ald2oQ="
    },
    "is-typedarray": {
      "version": "1.0.0",
      "resolved": "https://registry.npmjs.org/is-typedarray/-/is-typedarray-1.0.0.tgz",
      "integrity": "sha1-5HnICFjfDBsR3dppQPlgEfzaSpo="
    },
    "is-yarn-global": {
      "version": "0.3.0",
      "resolved": "https://registry.npmjs.org/is-yarn-global/-/is-yarn-global-0.3.0.tgz",
      "integrity": "sha512-VjSeb/lHmkoyd8ryPVIKvOCn4D1koMqY+vqyjjUfc3xyKtP4dYOxM44sZrnqQSzSds3xyOrUTLTC9LVCVgLngw=="
    },
    "isarray": {
      "version": "1.0.0",
      "resolved": "https://registry.npmjs.org/isarray/-/isarray-1.0.0.tgz",
      "integrity": "sha1-u5NdSFgsuhaMBoNJV6VKPgcSTxE="
    },
    "json-buffer": {
      "version": "3.0.0",
      "resolved": "https://registry.npmjs.org/json-buffer/-/json-buffer-3.0.0.tgz",
      "integrity": "sha1-Wx85evx11ne96Lz8Dkfh+aPZqJg="
    },
    "keyv": {
      "version": "3.1.0",
      "resolved": "https://registry.npmjs.org/keyv/-/keyv-3.1.0.tgz",
      "integrity": "sha512-9ykJ/46SN/9KPM/sichzQ7OvXyGDYKGTaDlKMGCAlg2UK8KRy4jb0d8sFc+0Tt0YYnThq8X2RZgCg74RPxgcVA==",
      "requires": {
        "json-buffer": "3.0.0"
      }
    },
    "latest-version": {
      "version": "5.1.0",
      "resolved": "https://registry.npmjs.org/latest-version/-/latest-version-5.1.0.tgz",
      "integrity": "sha512-weT+r0kTkRQdCdYCNtkMwWXQTMEswKrFBkm4ckQOMVhhqhIMI1UT2hMj+1iigIhgSZm5gTmrRXBNoGUgaTY1xA==",
      "requires": {
        "package-json": "^6.3.0"
      }
    },
    "long": {
      "version": "4.0.0",
      "resolved": "https://registry.npmjs.org/long/-/long-4.0.0.tgz",
      "integrity": "sha512-XsP+KhQif4bjX1kbuSiySJFNAehNxgLb6hPRGJ9QsUr8ajHkuXGdrHmFUTUUXhDwVX2R5bY4JNZEwbUiMhV+MA=="
    },
    "lowercase-keys": {
      "version": "1.0.1",
      "resolved": "https://registry.npmjs.org/lowercase-keys/-/lowercase-keys-1.0.1.tgz",
      "integrity": "sha512-G2Lj61tXDnVFFOi8VZds+SoQjtQC3dgokKdDG2mTm1tx4m50NUHBOZSBwQQHyy0V12A0JTG4icfZQH+xPyh8VA=="
    },
    "lru-cache": {
      "version": "6.0.0",
      "resolved": "https://registry.npmjs.org/lru-cache/-/lru-cache-6.0.0.tgz",
      "integrity": "sha512-Jo6dJ04CmSjuznwJSS3pUeWmd/H0ffTlkXXgwZi+eq1UCmqQwCh+eLsYOYCwY991i2Fah4h1BEMCx4qThGbsiA==",
      "requires": {
        "yallist": "^4.0.0"
      }
    },
    "make-dir": {
      "version": "3.1.0",
      "resolved": "https://registry.npmjs.org/make-dir/-/make-dir-3.1.0.tgz",
      "integrity": "sha512-g3FeP20LNwhALb/6Cz6Dd4F2ngze0jz7tbzrD2wAV+o9FeNHe4rL+yK2md0J/fiSf1sa1ADhXqi5+oVwOM/eGw==",
      "requires": {
        "semver": "^6.0.0"
      },
      "dependencies": {
        "semver": {
          "version": "6.3.0",
          "resolved": "https://registry.npmjs.org/semver/-/semver-6.3.0.tgz",
          "integrity": "sha512-b39TBaTSfV6yBrapU89p5fKekE2m/NwnDocOVruQFS1/veMgdzuPcnOM34M6CwxW8jH/lxEa5rBoDeUwu5HHTw=="
        }
      }
    },
    "media-typer": {
      "version": "0.3.0",
      "resolved": "https://registry.npmjs.org/media-typer/-/media-typer-0.3.0.tgz",
      "integrity": "sha1-hxDXrwqmJvj/+hzgAWhUUmMlV0g="
    },
    "merge-descriptors": {
      "version": "1.0.1",
      "resolved": "https://registry.npmjs.org/merge-descriptors/-/merge-descriptors-1.0.1.tgz",
      "integrity": "sha1-sAqqVW3YtEVoFQ7J0blT8/kMu2E="
    },
    "methods": {
      "version": "1.1.2",
      "resolved": "https://registry.npmjs.org/methods/-/methods-1.1.2.tgz",
      "integrity": "sha1-VSmk1nZUE07cxSZmVoNbD4Ua/O4="
    },
    "mime": {
      "version": "1.6.0",
      "resolved": "https://registry.npmjs.org/mime/-/mime-1.6.0.tgz",
      "integrity": "sha512-x0Vn8spI+wuJ1O6S7gnbaQg8Pxh4NNHb7KSINmEWKiPE4RKOplvijn+NkmYmmRgP68mc70j2EbeTFRsrswaQeg=="
    },
    "mime-db": {
      "version": "1.49.0",
      "resolved": "https://registry.npmjs.org/mime-db/-/mime-db-1.49.0.tgz",
      "integrity": "sha512-CIc8j9URtOVApSFCQIF+VBkX1RwXp/oMMOrqdyXSBXq5RWNEsRfyj1kiRnQgmNXmHxPoFIxOroKA3zcU9P+nAA=="
    },
    "mime-types": {
      "version": "2.1.32",
      "resolved": "https://registry.npmjs.org/mime-types/-/mime-types-2.1.32.tgz",
      "integrity": "sha512-hJGaVS4G4c9TSMYh2n6SQAGrC4RnfU+daP8G7cSCmaqNjiOoUY0VHCMS42pxnQmVF1GWwFhbHWn3RIxCqTmZ9A==",
      "requires": {
        "mime-db": "1.49.0"
      }
    },
    "mimic-response": {
      "version": "1.0.1",
      "resolved": "https://registry.npmjs.org/mimic-response/-/mimic-response-1.0.1.tgz",
      "integrity": "sha512-j5EctnkH7amfV/q5Hgmoal1g2QHFJRraOtmx0JpIqkxhBhI/lJSl1nMpQ45hVarwNETOoWEimndZ4QK0RHxuxQ=="
    },
    "minimatch": {
      "version": "3.0.4",
      "resolved": "https://registry.npmjs.org/minimatch/-/minimatch-3.0.4.tgz",
      "integrity": "sha512-yJHVQEhyqPLUTgt9B83PXu6W3rx4MvvHvSUvToogpwoGDOUQ+yDrR0HRot+yOCdCO7u4hX3pWft6kWBBcqh0UA==",
      "requires": {
        "brace-expansion": "^1.1.7"
      }
    },
    "minimist": {
      "version": "1.2.5",
      "resolved": "https://registry.npmjs.org/minimist/-/minimist-1.2.5.tgz",
      "integrity": "sha512-FM9nNUYrRBAELZQT3xeZQ7fmMOBg6nWNmJKTcgsJeaLstP/UODVpGsr5OhXhhXg6f+qtJ8uiZ+PUxkDWcgIXLw=="
    },
    "ms": {
      "version": "2.1.3",
      "resolved": "https://registry.npmjs.org/ms/-/ms-2.1.3.tgz",
      "integrity": "sha512-6FlzubTLZG3J2a/NVCAleEhjzq5oxgHyaCU9yYXvcLsvoVaHJq/s5xXI6/XXP6tz7R9xAOtHnSO/tXtF3WRTlA=="
    },
    "mysql": {
      "version": "2.18.1",
      "resolved": "https://registry.npmjs.org/mysql/-/mysql-2.18.1.tgz",
      "integrity": "sha512-Bca+gk2YWmqp2Uf6k5NFEurwY/0td0cpebAucFpY/3jhrwrVGuxU2uQFCHjU19SJfje0yQvi+rVWdq78hR5lig==",
      "requires": {
        "bignumber.js": "9.0.0",
        "readable-stream": "2.3.7",
        "safe-buffer": "5.1.2",
        "sqlstring": "2.3.1"
      }
    },
    "mysql2": {
      "version": "2.3.0",
      "resolved": "https://registry.npmjs.org/mysql2/-/mysql2-2.3.0.tgz",
      "integrity": "sha512-0t5Ivps5Tdy5YHk5NdKwQhe/4Qyn2pload+S+UooDBvsqngtzujG1BaTWBihQLfeKO3t3122/GtusBtmHEHqww==",
      "requires": {
        "denque": "^1.4.1",
        "generate-function": "^2.3.1",
        "iconv-lite": "^0.6.2",
        "long": "^4.0.0",
        "lru-cache": "^6.0.0",
        "named-placeholders": "^1.1.2",
        "seq-queue": "^0.0.5",
        "sqlstring": "^2.3.2"
      },
      "dependencies": {
        "iconv-lite": {
          "version": "0.6.3",
          "resolved": "https://registry.npmjs.org/iconv-lite/-/iconv-lite-0.6.3.tgz",
          "integrity": "sha512-4fCk79wshMdzMp2rH06qWrJE4iolqLhCUH+OiuIgU++RB0+94NlDL81atO7GX55uUKueo0txHNtvEyI6D7WdMw==",
          "requires": {
            "safer-buffer": ">= 2.1.2 < 3.0.0"
          }
        },
        "sqlstring": {
          "version": "2.3.2",
          "resolved": "https://registry.npmjs.org/sqlstring/-/sqlstring-2.3.2.tgz",
          "integrity": "sha512-vF4ZbYdKS8OnoJAWBmMxCQDkiEBkGQYU7UZPtL8flbDRSNkhaXvRJ279ZtI6M+zDaQovVU4tuRgzK5fVhvFAhg=="
        }
      }
    },
    "named-placeholders": {
      "version": "1.1.2",
      "resolved": "https://registry.npmjs.org/named-placeholders/-/named-placeholders-1.1.2.tgz",
      "integrity": "sha512-wiFWqxoLL3PGVReSZpjLVxyJ1bRqe+KKJVbr4hGs1KWfTZTQyezHFBbuKj9hsizHyGV2ne7EMjHdxEGAybD5SA==",
      "requires": {
        "lru-cache": "^4.1.3"
      },
      "dependencies": {
        "lru-cache": {
          "version": "4.1.5",
          "resolved": "https://registry.npmjs.org/lru-cache/-/lru-cache-4.1.5.tgz",
          "integrity": "sha512-sWZlbEP2OsHNkXrMl5GYk/jKk70MBng6UU4YI/qGDYbgf6YbP4EvmqISbXCoJiRKs+1bSpFHVgQxvJ17F2li5g==",
          "requires": {
            "pseudomap": "^1.0.2",
            "yallist": "^2.1.2"
          }
        },
        "yallist": {
          "version": "2.1.2",
          "resolved": "https://registry.npmjs.org/yallist/-/yallist-2.1.2.tgz",
          "integrity": "sha1-HBH5IY8HYImkfdUS+TxmmaaoHVI="
        }
      }
    },
    "negotiator": {
      "version": "0.6.2",
      "resolved": "https://registry.npmjs.org/negotiator/-/negotiator-0.6.2.tgz",
      "integrity": "sha512-hZXc7K2e+PgeI1eDBe/10Ard4ekbfrrqG8Ep+8Jmf4JID2bNg7NvCPOZN+kfF574pFQI7mum2AUqDidoKqcTOw=="
    },
    "neo-async": {
      "version": "2.6.2",
      "resolved": "https://registry.npmjs.org/neo-async/-/neo-async-2.6.2.tgz",
      "integrity": "sha512-Yd3UES5mWCSqR+qNT93S3UoYUkqAZ9lLg8a7g9rimsWmYGK8cVToA4/sF3RrshdyV3sAGMXVUmpMYOw+dLpOuw=="
    },
    "node-fetch": {
      "version": "3.0.0",
      "resolved": "https://registry.npmjs.org/node-fetch/-/node-fetch-3.0.0.tgz",
      "integrity": "sha512-bKMI+C7/T/SPU1lKnbQbwxptpCrG9ashG+VkytmXCPZyuM9jB6VU+hY0oi4lC8LxTtAeWdckNCTa3nrGsAdA3Q==",
      "requires": {
        "data-uri-to-buffer": "^3.0.1",
        "fetch-blob": "^3.1.2"
      }
    },
    "nodemailer": {
      "version": "6.6.5",
      "resolved": "https://registry.npmjs.org/nodemailer/-/nodemailer-6.6.5.tgz",
      "integrity": "sha512-C/v856DBijUzHcHIgGpQoTrfsH3suKIRAGliIzCstatM2cAa+MYX3LuyCrABiO/cdJTxgBBHXxV1ztiqUwst5A=="
    },
    "nodemailer-express-handlebars": {
      "version": "4.0.0",
      "resolved": "https://registry.npmjs.org/nodemailer-express-handlebars/-/nodemailer-express-handlebars-4.0.0.tgz",
      "integrity": "sha512-oUYl2D1AkFNwRe7RXt8iNTtmQGmI4Bt4PXRkE9lX891FHNNUB3I5yRDGL1WQPOujYIHH79uAvD3QzsBStG4SFA==",
      "requires": {
        "express-handlebars": "^4.0.0"
      }
    },
    "nodemon": {
      "version": "2.0.13",
      "resolved": "https://registry.npmjs.org/nodemon/-/nodemon-2.0.13.tgz",
      "integrity": "sha512-UMXMpsZsv1UXUttCn6gv8eQPhn6DR4BW+txnL3IN5IHqrCwcrT/yWHfL35UsClGXknTH79r5xbu+6J1zNHuSyA==",
      "requires": {
        "chokidar": "^3.2.2",
        "debug": "^3.2.6",
        "ignore-by-default": "^1.0.1",
        "minimatch": "^3.0.4",
        "pstree.remy": "^1.1.7",
        "semver": "^5.7.1",
        "supports-color": "^5.5.0",
        "touch": "^3.1.0",
        "undefsafe": "^2.0.3",
        "update-notifier": "^5.1.0"
      }
    },
    "nopt": {
      "version": "1.0.10",
      "resolved": "https://registry.npmjs.org/nopt/-/nopt-1.0.10.tgz",
      "integrity": "sha1-bd0hvSoxQXuScn3Vhfim83YI6+4=",
      "requires": {
        "abbrev": "1"
      }
    },
    "normalize-path": {
      "version": "3.0.0",
      "resolved": "https://registry.npmjs.org/normalize-path/-/normalize-path-3.0.0.tgz",
      "integrity": "sha512-6eZs5Ls3WtCisHWp9S2GUy8dqkpGi4BVSz3GaqiE6ezub0512ESztXUwUB6C6IKbQkY2Pnb/mD4WYojCRwcwLA=="
    },
    "normalize-url": {
      "version": "4.5.1",
      "resolved": "https://registry.npmjs.org/normalize-url/-/normalize-url-4.5.1.tgz",
      "integrity": "sha512-9UZCFRHQdNrfTpGg8+1INIg93B6zE0aXMVFkw1WFwvO4SlZywU6aLg5Of0Ap/PgcbSw4LNxvMWXMeugwMCX0AA=="
    },
    "object-assign": {
      "version": "4.1.1",
      "resolved": "https://registry.npmjs.org/object-assign/-/object-assign-4.1.1.tgz",
      "integrity": "sha1-IQmtx5ZYh8/AXLvUQsrIv7s2CGM="
    },
    "on-finished": {
      "version": "2.3.0",
      "resolved": "https://registry.npmjs.org/on-finished/-/on-finished-2.3.0.tgz",
      "integrity": "sha1-IPEzZIGwg811M3mSoWlxqi2QaUc=",
      "requires": {
        "ee-first": "1.1.1"
      }
    },
    "once": {
      "version": "1.4.0",
      "resolved": "https://registry.npmjs.org/once/-/once-1.4.0.tgz",
      "integrity": "sha1-WDsap3WWHUsROsF9nFC6753Xa9E=",
      "requires": {
        "wrappy": "1"
      }
    },
    "p-cancelable": {
      "version": "1.1.0",
      "resolved": "https://registry.npmjs.org/p-cancelable/-/p-cancelable-1.1.0.tgz",
      "integrity": "sha512-s73XxOZ4zpt1edZYZzvhqFa6uvQc1vwUa0K0BdtIZgQMAJj9IbebH+JkgKZc9h+B05PKHLOTl4ajG1BmNrVZlw=="
    },
    "package-json": {
      "version": "6.5.0",
      "resolved": "https://registry.npmjs.org/package-json/-/package-json-6.5.0.tgz",
      "integrity": "sha512-k3bdm2n25tkyxcjSKzB5x8kfVxlMdgsbPr0GkZcwHsLpba6cBjqCt1KlcChKEvxHIcTB1FVMuwoijZ26xex5MQ==",
      "requires": {
        "got": "^9.6.0",
        "registry-auth-token": "^4.0.0",
        "registry-url": "^5.0.0",
        "semver": "^6.2.0"
      },
      "dependencies": {
        "semver": {
          "version": "6.3.0",
          "resolved": "https://registry.npmjs.org/semver/-/semver-6.3.0.tgz",
          "integrity": "sha512-b39TBaTSfV6yBrapU89p5fKekE2m/NwnDocOVruQFS1/veMgdzuPcnOM34M6CwxW8jH/lxEa5rBoDeUwu5HHTw=="
        }
      }
    },
    "parseurl": {
      "version": "1.3.3",
      "resolved": "https://registry.npmjs.org/parseurl/-/parseurl-1.3.3.tgz",
      "integrity": "sha512-CiyeOxFT/JZyN5m0z9PfXw4SCBJ6Sygz1Dpl0wqjlhDEGGBP1GnsUVEL0p63hoG1fcj3fHynXi9NYO4nWOL+qQ=="
    },
    "path-is-absolute": {
      "version": "1.0.1",
      "resolved": "https://registry.npmjs.org/path-is-absolute/-/path-is-absolute-1.0.1.tgz",
      "integrity": "sha1-F0uSaHNVNP+8es5r9TpanhtcX18="
    },
    "path-to-regexp": {
      "version": "0.1.7",
      "resolved": "https://registry.npmjs.org/path-to-regexp/-/path-to-regexp-0.1.7.tgz",
      "integrity": "sha1-32BBeABfUi8V60SQ5yR6G/qmf4w="
    },
    "picomatch": {
      "version": "2.3.0",
      "resolved": "https://registry.npmjs.org/picomatch/-/picomatch-2.3.0.tgz",
      "integrity": "sha512-lY1Q/PiJGC2zOv/z391WOTD+Z02bCgsFfvxoXXf6h7kv9o+WmsmzYqrAwY63sNgOxE4xEdq0WyUnXfKeBrSvYw=="
    },
    "prepend-http": {
      "version": "2.0.0",
      "resolved": "https://registry.npmjs.org/prepend-http/-/prepend-http-2.0.0.tgz",
      "integrity": "sha1-6SQ0v6XqjBn0HN/UAddBo8gZ2Jc="
    },
    "process-nextick-args": {
      "version": "2.0.1",
      "resolved": "https://registry.npmjs.org/process-nextick-args/-/process-nextick-args-2.0.1.tgz",
      "integrity": "sha512-3ouUOpQhtgrbOa17J7+uxOTpITYWaGP7/AhoR3+A+/1e9skrzelGi/dXzEYyvbxubEF6Wn2ypscTKiKJFFn1ag=="
    },
    "proxy-addr": {
      "version": "2.0.7",
      "resolved": "https://registry.npmjs.org/proxy-addr/-/proxy-addr-2.0.7.tgz",
      "integrity": "sha512-llQsMLSUDUPT44jdrU/O37qlnifitDP+ZwrmmZcoSKyLKvtZxpyV0n2/bD/N4tBAAZ/gJEdZU7KMraoK1+XYAg==",
      "requires": {
        "forwarded": "0.2.0",
        "ipaddr.js": "1.9.1"
      }
    },
    "pseudomap": {
      "version": "1.0.2",
      "resolved": "https://registry.npmjs.org/pseudomap/-/pseudomap-1.0.2.tgz",
      "integrity": "sha1-8FKijacOYYkX7wqKw0wa5aaChrM="
    },
    "pstree.remy": {
      "version": "1.1.8",
      "resolved": "https://registry.npmjs.org/pstree.remy/-/pstree.remy-1.1.8.tgz",
      "integrity": "sha512-77DZwxQmxKnu3aR542U+X8FypNzbfJ+C5XQDk3uWjWxn6151aIMGthWYRXTqT1E5oJvg+ljaa2OJi+VfvCOQ8w=="
    },
    "pump": {
      "version": "3.0.0",
      "resolved": "https://registry.npmjs.org/pump/-/pump-3.0.0.tgz",
      "integrity": "sha512-LwZy+p3SFs1Pytd/jYct4wpv49HiYCqd9Rlc5ZVdk0V+8Yzv6jR5Blk3TRmPL1ft69TxP0IMZGJ+WPFU2BFhww==",
      "requires": {
        "end-of-stream": "^1.1.0",
        "once": "^1.3.1"
      }
    },
    "pupa": {
      "version": "2.1.1",
      "resolved": "https://registry.npmjs.org/pupa/-/pupa-2.1.1.tgz",
      "integrity": "sha512-l1jNAspIBSFqbT+y+5FosojNpVpF94nlI+wDUpqP9enwOTfHx9f0gh5nB96vl+6yTpsJsypeNrwfzPrKuHB41A==",
      "requires": {
        "escape-goat": "^2.0.0"
      }
    },
    "qs": {
      "version": "6.7.0",
      "resolved": "https://registry.npmjs.org/qs/-/qs-6.7.0.tgz",
      "integrity": "sha512-VCdBRNFTX1fyE7Nb6FYoURo/SPe62QCaAyzJvUjwRaIsc+NePBEniHlvxFmmX56+HZphIGtV0XeCirBtpDrTyQ=="
    },
    "range-parser": {
      "version": "1.2.1",
      "resolved": "https://registry.npmjs.org/range-parser/-/range-parser-1.2.1.tgz",
      "integrity": "sha512-Hrgsx+orqoygnmhFbKaHE6c296J+HTAQXoxEF6gNupROmmGJRoyzfG3ccAveqCBrwr/2yxQ5BVd/GTl5agOwSg=="
    },
    "raw-body": {
      "version": "2.4.0",
      "resolved": "https://registry.npmjs.org/raw-body/-/raw-body-2.4.0.tgz",
      "integrity": "sha512-4Oz8DUIwdvoa5qMJelxipzi/iJIi40O5cGV1wNYp5hvZP8ZN0T+jiNkL0QepXs+EsQ9XJ8ipEDoiH70ySUJP3Q==",
      "requires": {
        "bytes": "3.1.0",
        "http-errors": "1.7.2",
        "iconv-lite": "0.4.24",
        "unpipe": "1.0.0"
      }
    },
    "rc": {
      "version": "1.2.8",
      "resolved": "https://registry.npmjs.org/rc/-/rc-1.2.8.tgz",
      "integrity": "sha512-y3bGgqKj3QBdxLbLkomlohkvsA8gdAiUQlSBJnBhfn+BPxg4bc62d8TcBW15wavDfgexCgccckhcZvywyQYPOw==",
      "requires": {
        "deep-extend": "^0.6.0",
        "ini": "~1.3.0",
        "minimist": "^1.2.0",
        "strip-json-comments": "~2.0.1"
      },
      "dependencies": {
        "ini": {
          "version": "1.3.8",
          "resolved": "https://registry.npmjs.org/ini/-/ini-1.3.8.tgz",
          "integrity": "sha512-JV/yugV2uzW5iMRSiZAyDtQd+nxtUnjeLt0acNdw98kKLrvuRVyB80tsREOE7yvGVgalhZ6RNXCmEHkUKBKxew=="
        }
      }
    },
    "readable-stream": {
      "version": "2.3.7",
      "resolved": "https://registry.npmjs.org/readable-stream/-/readable-stream-2.3.7.tgz",
      "integrity": "sha512-Ebho8K4jIbHAxnuxi7o42OrZgF/ZTNcsZj6nRKyUmkhLFq8CHItp/fy6hQZuZmP/n3yZ9VBUbp4zz/mX8hmYPw==",
      "requires": {
        "core-util-is": "~1.0.0",
        "inherits": "~2.0.3",
        "isarray": "~1.0.0",
        "process-nextick-args": "~2.0.0",
        "safe-buffer": "~5.1.1",
        "string_decoder": "~1.1.1",
        "util-deprecate": "~1.0.1"
      }
    },
    "readdirp": {
      "version": "3.6.0",
      "resolved": "https://registry.npmjs.org/readdirp/-/readdirp-3.6.0.tgz",
      "integrity": "sha512-hOS089on8RduqdbhvQ5Z37A0ESjsqz6qnRcffsMU3495FuTdqSm+7bhJ29JvIOsBDEEnan5DPu9t3To9VRlMzA==",
      "requires": {
        "picomatch": "^2.2.1"
      }
    },
    "registry-auth-token": {
      "version": "4.2.1",
      "resolved": "https://registry.npmjs.org/registry-auth-token/-/registry-auth-token-4.2.1.tgz",
      "integrity": "sha512-6gkSb4U6aWJB4SF2ZvLb76yCBjcvufXBqvvEx1HbmKPkutswjW1xNVRY0+daljIYRbogN7O0etYSlbiaEQyMyw==",
      "requires": {
        "rc": "^1.2.8"
      }
    },
    "registry-url": {
      "version": "5.1.0",
      "resolved": "https://registry.npmjs.org/registry-url/-/registry-url-5.1.0.tgz",
      "integrity": "sha512-8acYXXTI0AkQv6RAOjE3vOaIXZkT9wo4LOFbBKYQEEnnMNBpKqdUrI6S4NT0KPIo/WVvJ5tE/X5LF/TQUf0ekw==",
      "requires": {
        "rc": "^1.2.8"
      }
    },
    "responselike": {
      "version": "1.0.2",
      "resolved": "https://registry.npmjs.org/responselike/-/responselike-1.0.2.tgz",
      "integrity": "sha1-kYcg7ztjHFZCvgaPFa3lpG9Loec=",
      "requires": {
        "lowercase-keys": "^1.0.0"
      }
    },
    "safe-buffer": {
      "version": "5.1.2",
      "resolved": "https://registry.npmjs.org/safe-buffer/-/safe-buffer-5.1.2.tgz",
      "integrity": "sha512-Gd2UZBJDkXlY7GbJxfsE8/nvKkUEU1G38c1siN6QP6a9PT9MmHB8GnpscSmMJSoF8LOIrt8ud/wPtojys4G6+g=="
    },
    "safer-buffer": {
      "version": "2.1.2",
      "resolved": "https://registry.npmjs.org/safer-buffer/-/safer-buffer-2.1.2.tgz",
      "integrity": "sha512-YZo3K82SD7Riyi0E1EQPojLz7kpepnSQI9IyPbHHg1XXXevb5dJI7tpyN2ADxGcQbHG7vcyRHk0cbwqcQriUtg=="
    },
    "semver": {
      "version": "5.7.1",
      "resolved": "https://registry.npmjs.org/semver/-/semver-5.7.1.tgz",
      "integrity": "sha512-sauaDf/PZdVgrLTNYHRtpXa1iRiKcaebiKQ1BJdpQlWH2lCvexQdX55snPFyK7QzpudqbCI0qXFfOasHdyNDGQ=="
    },
    "semver-diff": {
      "version": "3.1.1",
      "resolved": "https://registry.npmjs.org/semver-diff/-/semver-diff-3.1.1.tgz",
      "integrity": "sha512-GX0Ix/CJcHyB8c4ykpHGIAvLyOwOobtM/8d+TQkAd81/bEjgPHrfba41Vpesr7jX/t8Uh+R3EX9eAS5be+jQYg==",
      "requires": {
        "semver": "^6.3.0"
      },
      "dependencies": {
        "semver": {
          "version": "6.3.0",
          "resolved": "https://registry.npmjs.org/semver/-/semver-6.3.0.tgz",
          "integrity": "sha512-b39TBaTSfV6yBrapU89p5fKekE2m/NwnDocOVruQFS1/veMgdzuPcnOM34M6CwxW8jH/lxEa5rBoDeUwu5HHTw=="
        }
      }
    },
    "send": {
      "version": "0.17.1",
      "resolved": "https://registry.npmjs.org/send/-/send-0.17.1.tgz",
      "integrity": "sha512-BsVKsiGcQMFwT8UxypobUKyv7irCNRHk1T0G680vk88yf6LBByGcZJOTJCrTP2xVN6yI+XjPJcNuE3V4fT9sAg==",
      "requires": {
        "debug": "2.6.9",
        "depd": "~1.1.2",
        "destroy": "~1.0.4",
        "encodeurl": "~1.0.2",
        "escape-html": "~1.0.3",
        "etag": "~1.8.1",
        "fresh": "0.5.2",
        "http-errors": "~1.7.2",
        "mime": "1.6.0",
        "ms": "2.1.1",
        "on-finished": "~2.3.0",
        "range-parser": "~1.2.1",
        "statuses": "~1.5.0"
      },
      "dependencies": {
        "debug": {
          "version": "2.6.9",
          "resolved": "https://registry.npmjs.org/debug/-/debug-2.6.9.tgz",
          "integrity": "sha512-bC7ElrdJaJnPbAP+1EotYvqZsb3ecl5wi6Bfi6BJTUcNowp6cvspg0jXznRTKDjm/E7AdgFBVeAPVMNcKGsHMA==",
          "requires": {
            "ms": "2.0.0"
          },
          "dependencies": {
            "ms": {
              "version": "2.0.0",
              "resolved": "https://registry.npmjs.org/ms/-/ms-2.0.0.tgz",
              "integrity": "sha1-VgiurfwAvmwpAd9fmGF4jeDVl8g="
            }
          }
        },
        "ms": {
          "version": "2.1.1",
          "resolved": "https://registry.npmjs.org/ms/-/ms-2.1.1.tgz",
          "integrity": "sha512-tgp+dl5cGk28utYktBsrFqA7HKgrhgPsg6Z/EfhWI4gl1Hwq8B/GmY/0oXZ6nF8hDVesS/FpnYaD/kOWhYQvyg=="
        }
      }
    },
    "seq-queue": {
      "version": "0.0.5",
      "resolved": "https://registry.npmjs.org/seq-queue/-/seq-queue-0.0.5.tgz",
      "integrity": "sha1-1WgS4cAXpuTnw+Ojeh2m143TyT4="
    },
    "serve-static": {
      "version": "1.14.1",
      "resolved": "https://registry.npmjs.org/serve-static/-/serve-static-1.14.1.tgz",
      "integrity": "sha512-JMrvUwE54emCYWlTI+hGrGv5I8dEwmco/00EvkzIIsR7MqrHonbD9pO2MOfFnpFntl7ecpZs+3mW+XbQZu9QCg==",
      "requires": {
        "encodeurl": "~1.0.2",
        "escape-html": "~1.0.3",
        "parseurl": "~1.3.3",
        "send": "0.17.1"
      }
    },
    "setprototypeof": {
      "version": "1.1.1",
      "resolved": "https://registry.npmjs.org/setprototypeof/-/setprototypeof-1.1.1.tgz",
      "integrity": "sha512-JvdAWfbXeIGaZ9cILp38HntZSFSo3mWg6xGcJJsd+d4aRMOqauag1C63dJfDw7OaMYwEbHMOxEZ1lqVRYP2OAw=="
    },
    "signal-exit": {
      "version": "3.0.5",
      "resolved": "https://registry.npmjs.org/signal-exit/-/signal-exit-3.0.5.tgz",
      "integrity": "sha512-KWcOiKeQj6ZyXx7zq4YxSMgHRlod4czeBQZrPb8OKcohcqAXShm7E20kEMle9WBt26hFcAf0qLOcp5zmY7kOqQ=="
    },
    "source-map": {
      "version": "0.6.1",
      "resolved": "https://registry.npmjs.org/source-map/-/source-map-0.6.1.tgz",
      "integrity": "sha512-UjgapumWlbMhkBgzT7Ykc5YXUT46F0iKu8SGXq0bcwP5dz/h0Plj6enJqjz1Zbq2l5WaqYnrVbwWOWMyF3F47g=="
    },
    "sqlstring": {
      "version": "2.3.1",
      "resolved": "https://registry.npmjs.org/sqlstring/-/sqlstring-2.3.1.tgz",
      "integrity": "sha1-R1OT/56RR5rqYtyvDKPRSYOn+0A="
    },
    "statuses": {
      "version": "1.5.0",
      "resolved": "https://registry.npmjs.org/statuses/-/statuses-1.5.0.tgz",
      "integrity": "sha1-Fhx9rBd2Wf2YEfQ3cfqZOBR4Yow="
    },
    "string-width": {
      "version": "4.2.3",
      "resolved": "https://registry.npmjs.org/string-width/-/string-width-4.2.3.tgz",
      "integrity": "sha512-wKyQRQpjJ0sIp62ErSZdGsjMJWsap5oRNihHhu6G7JVO/9jIB6UyevL+tXuOqrng8j/cxKTWyWUwvSTriiZz/g==",
      "requires": {
        "emoji-regex": "^8.0.0",
        "is-fullwidth-code-point": "^3.0.0",
        "strip-ansi": "^6.0.1"
      }
    },
    "string_decoder": {
      "version": "1.1.1",
      "resolved": "https://registry.npmjs.org/string_decoder/-/string_decoder-1.1.1.tgz",
      "integrity": "sha512-n/ShnvDi6FHbbVfviro+WojiFzv+s8MPMHBczVePfUpDJLwoLT0ht1l4YwBCbi8pJAveEEdnkHyPyTP/mzRfwg==",
      "requires": {
        "safe-buffer": "~5.1.0"
      }
    },
    "strip-ansi": {
      "version": "6.0.1",
      "resolved": "https://registry.npmjs.org/strip-ansi/-/strip-ansi-6.0.1.tgz",
      "integrity": "sha512-Y38VPSHcqkFrCpFnQ9vuSXmquuv5oXOKpGeT6aGrr3o3Gc9AlVa6JBfUSOCnbxGGZF+/0ooI7KrPuUSztUdU5A==",
      "requires": {
        "ansi-regex": "^5.0.1"
      }
    },
    "strip-json-comments": {
      "version": "2.0.1",
      "resolved": "https://registry.npmjs.org/strip-json-comments/-/strip-json-comments-2.0.1.tgz",
      "integrity": "sha1-PFMZQukIwml8DsNEhYwobHygpgo="
    },
    "supports-color": {
      "version": "5.5.0",
      "resolved": "https://registry.npmjs.org/supports-color/-/supports-color-5.5.0.tgz",
      "integrity": "sha512-QjVjwdXIt408MIiAqCX4oUKsgU2EqAGzs2Ppkm4aQYbjm+ZEWEcW4SfFNTr4uMNZma0ey4f5lgLrkB0aX0QMow==",
      "requires": {
        "has-flag": "^3.0.0"
      }
    },
    "to-readable-stream": {
      "version": "1.0.0",
      "resolved": "https://registry.npmjs.org/to-readable-stream/-/to-readable-stream-1.0.0.tgz",
      "integrity": "sha512-Iq25XBt6zD5npPhlLVXGFN3/gyR2/qODcKNNyTMd4vbm39HUaOiAM4PMq0eMVC/Tkxz+Zjdsc55g9yyz+Yq00Q=="
    },
    "to-regex-range": {
      "version": "5.0.1",
      "resolved": "https://registry.npmjs.org/to-regex-range/-/to-regex-range-5.0.1.tgz",
      "integrity": "sha512-65P7iz6X5yEr1cwcgvQxbbIw7Uk3gOy5dIdtZ4rDveLqhrdJP+Li/Hx6tyK0NEb+2GCyneCMJiGqrADCSNk8sQ==",
      "requires": {
        "is-number": "^7.0.0"
      }
    },
    "toidentifier": {
      "version": "1.0.0",
      "resolved": "https://registry.npmjs.org/toidentifier/-/toidentifier-1.0.0.tgz",
      "integrity": "sha512-yaOH/Pk/VEhBWWTlhI+qXxDFXlejDGcQipMlyxda9nthulaxLZUNcUqFxokp0vcYnvteJln5FNQDRrxj3YcbVw=="
    },
    "touch": {
      "version": "3.1.0",
      "resolved": "https://registry.npmjs.org/touch/-/touch-3.1.0.tgz",
      "integrity": "sha512-WBx8Uy5TLtOSRtIq+M03/sKDrXCLHxwDcquSP2c43Le03/9serjQBIztjRz6FkJez9D/hleyAXTBGLwwZUw9lA==",
      "requires": {
        "nopt": "~1.0.10"
      }
    },
    "type-fest": {
      "version": "0.20.2",
      "resolved": "https://registry.npmjs.org/type-fest/-/type-fest-0.20.2.tgz",
      "integrity": "sha512-Ne+eE4r0/iWnpAxD852z3A+N0Bt5RN//NjJwRd2VFHEmrywxf5vsZlh4R6lixl6B+wz/8d+maTSAkN1FIkI3LQ=="
    },
    "type-is": {
      "version": "1.6.18",
      "resolved": "https://registry.npmjs.org/type-is/-/type-is-1.6.18.tgz",
      "integrity": "sha512-TkRKr9sUTxEH8MdfuCSP7VizJyzRNMjj2J2do2Jr3Kym598JVdEksuzPQCnlFPW4ky9Q+iA+ma9BGm06XQBy8g==",
      "requires": {
        "media-typer": "0.3.0",
        "mime-types": "~2.1.24"
      }
    },
    "typedarray-to-buffer": {
      "version": "3.1.5",
      "resolved": "https://registry.npmjs.org/typedarray-to-buffer/-/typedarray-to-buffer-3.1.5.tgz",
      "integrity": "sha512-zdu8XMNEDepKKR+XYOXAVPtWui0ly0NtohUscw+UmaHiAWT8hrV1rr//H6V+0DvJ3OQ19S979M0laLfX8rm82Q==",
      "requires": {
        "is-typedarray": "^1.0.0"
      }
    },
    "uglify-js": {
      "version": "3.14.2",
      "resolved": "https://registry.npmjs.org/uglify-js/-/uglify-js-3.14.2.tgz",
      "integrity": "sha512-rtPMlmcO4agTUfz10CbgJ1k6UAoXM2gWb3GoMPPZB/+/Ackf8lNWk11K4rYi2D0apgoFRLtQOZhb+/iGNJq26A==",
      "optional": true
    },
    "undefsafe": {
      "version": "2.0.3",
      "resolved": "https://registry.npmjs.org/undefsafe/-/undefsafe-2.0.3.tgz",
      "integrity": "sha512-nrXZwwXrD/T/JXeygJqdCO6NZZ1L66HrxM/Z7mIq2oPanoN0F1nLx3lwJMu6AwJY69hdixaFQOuoYsMjE5/C2A==",
      "requires": {
        "debug": "^2.2.0"
      },
      "dependencies": {
        "debug": {
          "version": "2.6.9",
          "resolved": "https://registry.npmjs.org/debug/-/debug-2.6.9.tgz",
          "integrity": "sha512-bC7ElrdJaJnPbAP+1EotYvqZsb3ecl5wi6Bfi6BJTUcNowp6cvspg0jXznRTKDjm/E7AdgFBVeAPVMNcKGsHMA==",
          "requires": {
            "ms": "2.0.0"
          }
        },
        "ms": {
          "version": "2.0.0",
          "resolved": "https://registry.npmjs.org/ms/-/ms-2.0.0.tgz",
          "integrity": "sha1-VgiurfwAvmwpAd9fmGF4jeDVl8g="
        }
      }
    },
    "unique-string": {
      "version": "2.0.0",
      "resolved": "https://registry.npmjs.org/unique-string/-/unique-string-2.0.0.tgz",
      "integrity": "sha512-uNaeirEPvpZWSgzwsPGtU2zVSTrn/8L5q/IexZmH0eH6SA73CmAA5U4GwORTxQAZs95TAXLNqeLoPPNO5gZfWg==",
      "requires": {
        "crypto-random-string": "^2.0.0"
      }
    },
    "unpipe": {
      "version": "1.0.0",
      "resolved": "https://registry.npmjs.org/unpipe/-/unpipe-1.0.0.tgz",
      "integrity": "sha1-sr9O6FFKrmFltIF4KdIbLvSZBOw="
    },
    "update-notifier": {
      "version": "5.1.0",
      "resolved": "https://registry.npmjs.org/update-notifier/-/update-notifier-5.1.0.tgz",
      "integrity": "sha512-ItnICHbeMh9GqUy31hFPrD1kcuZ3rpxDZbf4KUDavXwS0bW5m7SLbDQpGX3UYr072cbrF5hFUs3r5tUsPwjfHw==",
      "requires": {
        "boxen": "^5.0.0",
        "chalk": "^4.1.0",
        "configstore": "^5.0.1",
        "has-yarn": "^2.1.0",
        "import-lazy": "^2.1.0",
        "is-ci": "^2.0.0",
        "is-installed-globally": "^0.4.0",
        "is-npm": "^5.0.0",
        "is-yarn-global": "^0.3.0",
        "latest-version": "^5.1.0",
        "pupa": "^2.1.1",
        "semver": "^7.3.4",
        "semver-diff": "^3.1.1",
        "xdg-basedir": "^4.0.0"
      },
      "dependencies": {
        "semver": {
          "version": "7.3.5",
          "resolved": "https://registry.npmjs.org/semver/-/semver-7.3.5.tgz",
          "integrity": "sha512-PoeGJYh8HK4BTO/a9Tf6ZG3veo/A7ZVsYrSA6J8ny9nb3B1VrpkuN+z9OE5wfE5p6H4LchYZsegiQgbJD94ZFQ==",
          "requires": {
            "lru-cache": "^6.0.0"
          }
        }
      }
    },
    "url-parse-lax": {
      "version": "3.0.0",
      "resolved": "https://registry.npmjs.org/url-parse-lax/-/url-parse-lax-3.0.0.tgz",
      "integrity": "sha1-FrXK/Afb42dsGxmZF3gj1lA6yww=",
      "requires": {
        "prepend-http": "^2.0.0"
      }
    },
    "util-deprecate": {
      "version": "1.0.2",
      "resolved": "https://registry.npmjs.org/util-deprecate/-/util-deprecate-1.0.2.tgz",
      "integrity": "sha1-RQ1Nyfpw3nMnYvvS1KKJgUGaDM8="
    },
    "utils-merge": {
      "version": "1.0.1",
      "resolved": "https://registry.npmjs.org/utils-merge/-/utils-merge-1.0.1.tgz",
      "integrity": "sha1-n5VxD1CiZ5R7LMwSR0HBAoQn5xM="
    },
    "vary": {
      "version": "1.1.2",
      "resolved": "https://registry.npmjs.org/vary/-/vary-1.1.2.tgz",
      "integrity": "sha1-IpnwLG3tMNSllhsLn3RSShj2NPw="
    },
    "web-streams-polyfill": {
      "version": "3.1.1",
      "resolved": "https://registry.npmjs.org/web-streams-polyfill/-/web-streams-polyfill-3.1.1.tgz",
      "integrity": "sha512-Czi3fG883e96T4DLEPRvufrF2ydhOOW1+1a6c3gNjH2aIh50DNFBdfwh2AKoOf1rXvpvavAoA11Qdq9+BKjE0Q=="
    },
    "widest-line": {
      "version": "3.1.0",
      "resolved": "https://registry.npmjs.org/widest-line/-/widest-line-3.1.0.tgz",
      "integrity": "sha512-NsmoXalsWVDMGupxZ5R08ka9flZjjiLvHVAWYOKtiKM8ujtZWr9cRffak+uSE48+Ob8ObalXpwyeUiyDD6QFgg==",
      "requires": {
        "string-width": "^4.0.0"
      }
    },
    "wordwrap": {
      "version": "1.0.0",
      "resolved": "https://registry.npmjs.org/wordwrap/-/wordwrap-1.0.0.tgz",
      "integrity": "sha1-J1hIEIkUVqQXHI0CJkQa3pDLyus="
    },
    "wrap-ansi": {
      "version": "7.0.0",
      "resolved": "https://registry.npmjs.org/wrap-ansi/-/wrap-ansi-7.0.0.tgz",
      "integrity": "sha512-YVGIj2kamLSTxw6NsZjoBxfSwsn0ycdesmc4p+Q21c5zPuZ1pl+NfxVdxPtdHvmNVOQ6XSYG4AUtyt/Fi7D16Q==",
      "requires": {
        "ansi-styles": "^4.0.0",
        "string-width": "^4.1.0",
        "strip-ansi": "^6.0.0"
      }
    },
    "wrappy": {
      "version": "1.0.2",
      "resolved": "https://registry.npmjs.org/wrappy/-/wrappy-1.0.2.tgz",
      "integrity": "sha1-tSQ9jz7BqjXxNkYFvA0QNuMKtp8="
    },
    "write-file-atomic": {
      "version": "3.0.3",
      "resolved": "https://registry.npmjs.org/write-file-atomic/-/write-file-atomic-3.0.3.tgz",
      "integrity": "sha512-AvHcyZ5JnSfq3ioSyjrBkH9yW4m7Ayk8/9My/DD9onKeu/94fwrMocemO2QAJFAlnnDN+ZDS+ZjAR5ua1/PV/Q==",
      "requires": {
        "imurmurhash": "^0.1.4",
        "is-typedarray": "^1.0.0",
        "signal-exit": "^3.0.2",
        "typedarray-to-buffer": "^3.1.5"
      }
    },
    "xdg-basedir": {
      "version": "4.0.0",
      "resolved": "https://registry.npmjs.org/xdg-basedir/-/xdg-basedir-4.0.0.tgz",
      "integrity": "sha512-PSNhEJDejZYV7h50BohL09Er9VaIefr2LMAf3OEmpCkjOi34eYyQYAXUTjEQtZJTKcF0E2UKTh+osDLsgNim9Q=="
    },
    "yallist": {
      "version": "4.0.0",
      "resolved": "https://registry.npmjs.org/yallist/-/yallist-4.0.0.tgz",
      "integrity": "sha512-3wdGidZyq5PB084XLES5TpOSRA3wjXAlIWMhum2kRcv/41Sn2emQ0dycQW4uZXLejwKvg6EsvbdlVL+FYEct7A=="
    }
  }
}
